{
  "slope": 1.0897687867534522,
  "intercept": 4.257404903888647,
  "iteration": 68,
  "optimizer": "SGD",
  "metrics": {
    "iterations": 69,
    "final_mse": 3.071550480212271,
    "min_mse": 3.071550480212271,
    "max_mse": 36.49484835802565,
    "final_mae": 1.4782502095497032,
    "final_r2": 0.839809487191556
  }
}