{
  "slope": 3.5057225511352224,
  "intercept": 3.791869947817323,
  "iteration": 500,
  "optimizer": "SGD",
  "metrics": {
    "iterations": 41,
    "final_mse": 51.75675168570715,
    "min_mse": 51.75675168570715,
    "max_mse": 53.26346097549831,
    "final_mae": 6.5523382554054335,
    "final_r2": 0.7991409529006396
  }
}